Event Number,Start Year,End Year,Start Fractional Day,End Fractional Day,Start Hour,End Hour,Elements Decaying,Non-Decaying Elements
1,1998,1998,26.874988425925924,30.25,20.999722222222225,6.0,1,"['Fe', 'C', 'Si', 'O', 'N']"
8,1998,1998,100.25,105.37498842592592,6.0,8.999722222222221,1,"['Fe', 'C', 'Si', 'O', 'N']"
10,1998,1998,106.87498842592592,109.375,20.999722222222225,9.0,1,"['Fe', 'C', 'Si', 'O', 'N']"
11,1998,1998,111.58333333333333,118.62498842592592,14.0,14.999722222222221,6,[]
12,1998,1998,119.41665509259259,126.29165509259259,9.999722222222221,6.999722222222222,6,[]
13,1998,1998,126.16665509259259,129.24998842592595,3.999722222222222,5.999722222222222,4,"['Si', 'N']"
14,1998,1998,128.79166666666666,136.08332175925926,19.0,1.9997222222222222,6,[]
15,1998,1998,136.08332175925926,139.04166666666666,1.9997222222222222,1.0,1,"['Fe', 'C', 'Si', 'O', 'N']"
16,1998,1998,138.66666666666666,147.45833333333334,16.0,11.0,1,"['Fe', 'C', 'Si', 'O', 'N']"
17,1998,1998,147.49998842592595,151.41666666666666,11.999722222222221,10.0,1,"['Fe', 'C', 'Si', 'O', 'N']"
19,1998,1998,155.20832175925926,158.875,4.999722222222222,21.0,1,"['Fe', 'C', 'Si', 'O', 'N']"
20,1998,1998,161.37498842592595,164.33332175925926,8.999722222222221,7.999722222222222,1,"['Fe', 'C', 'Si', 'O', 'N']"
23,1998,1998,167.58332175925926,173.37498842592595,13.999722222222221,8.999722222222221,4,"['Si', 'Fe']"
25,1998,1998,177.49998842592595,182.04166666666666,11.999722222222221,1.0,1,"['Fe', 'C', 'Si', 'O', 'N']"
27,1998,1998,184.7916550925926,188.95833333333334,18.999722222222225,23.0,1,"['Fe', 'C', 'Si', 'O', 'N']"
31,1998,1998,205.20833333333334,207.75,5.0,18.0,1,"['Fe', 'C', 'Si', 'O', 'N']"
32,1998,1998,209.125,214.04166666666666,3.0,1.0,1,"['Fe', 'C', 'Si', 'O', 'N']"
37,1998,1998,225.49998842592595,228.625,11.999722222222221,15.0,1,"['Fe', 'C', 'Si', 'O', 'N']"
40,1998,1998,236.625,244.66666666666666,15.0,16.0,6,[]
41,1998,1998,245.49998842592595,251.95833333333334,11.999722222222221,23.0,2,"['Si', 'Fe', 'C', 'N']"
42,1998,1998,252.04166666666666,254.5416550925926,1.0,12.999722222222221,1,"['Fe', 'C', 'Si', 'O', 'N']"
43,1998,1998,254.45832175925926,260.33332175925926,10.999722222222221,7.999722222222222,1,"['Fe', 'C', 'Si', 'O', 'N']"
45,1998,1998,270.2499884259259,273.625,5.999722222222222,15.0,3,"['Si', 'Fe', 'N']"
46,1998,1998,273.2499884259259,285.08332175925926,5.999722222222222,1.9997222222222222,6,[]
50,1998,1998,291.20832175925926,299.0,4.999722222222222,0.0,3,"['Si', 'C', 'N']"
52,1998,1998,309.45832175925926,316.83332175925926,10.999722222222221,19.999722222222225,5,['Fe']
53,1998,1998,317.9999884259259,326.2916666666667,23.999722222222225,7.0,6,[]
55,1998,1998,330.2499884259259,332.3749884259259,5.999722222222222,8.999722222222221,3,"['Si', 'Fe', 'N']"
56,1998,1998,332.3333333333333,335.6249884259259,8.0,14.999722222222221,1,"['Fe', 'C', 'Si', 'O', 'N']"
57,1998,1998,335.8749884259259,339.4999884259259,20.999722222222225,11.999722222222221,1,"['Fe', 'C', 'Si', 'O', 'N']"
59,1998,1998,351.375,354.0833333333333,9.0,2.0,1,"['Fe', 'C', 'Si', 'O', 'N']"
60,1998,1998,355.5416550925926,361.625,12.999722222222221,15.0,1,"['Fe', 'C', 'Si', 'O', 'N']"
62,1999,1999,3.708321759259259,8.874988425925928,16.999722222222225,20.999722222222225,1,"['Fe', 'C', 'Si', 'O', 'N']"
64,1999,1999,22.58332175925926,32.37498842592593,13.999722222222221,8.999722222222221,4,"['Si', 'Fe']"
67,1999,1999,50.04165509259259,53.416666666666664,0.9997222222222222,10.0,1,"['Fe', 'C', 'Si', 'O', 'N']"
70,1999,1999,66.79165509259259,69.45833333333333,18.999722222222225,11.0,1,"['Fe', 'C', 'Si', 'O', 'N']"
73,1999,1999,114.41665509259259,120.08333333333333,9.999722222222221,2.0,4,"['Si', 'Fe']"
74,1999,1999,123.875,134.75,21.0,18.0,4,"['Si', 'Fe']"
76,1999,1999,147.20833333333334,152.95832175925926,5.0,22.999722222222225,1,"['Fe', 'C', 'Si', 'O', 'N']"
77,1999,1999,153.20832175925926,155.375,4.999722222222222,9.0,6,[]
78,1999,1999,155.08333333333334,161.5,2.0,12.0,6,[]
80,1999,1999,166.33333333333334,169.45832175925926,8.0,10.999722222222221,1,"['Fe', 'C', 'Si', 'O', 'N']"
81,1999,1999,169.41666666666666,172.04166666666666,10.0,1.0,1,"['Fe', 'C', 'Si', 'O', 'N']"
82,1999,1999,173.45832175925926,176.2916550925926,10.999722222222221,6.999722222222222,2,"['Si', 'Fe', 'C', 'N']"
83,1999,1999,176.12498842592595,180.45833333333334,2.999722222222222,11.0,1,"['Fe', 'C', 'Si', 'O', 'N']"
84,1999,1999,181.9166550925926,184.91666666666666,21.999722222222225,22.0,1,"['Fe', 'C', 'Si', 'O', 'N']"
85,1999,1999,185.0,188.49998842592595,0.0,11.999722222222221,1,"['Fe', 'C', 'Si', 'O', 'N']"
86,1999,1999,188.37498842592595,191.16666666666666,8.999722222222221,4.0,1,"['Fe', 'C', 'Si', 'O', 'N']"
87,1999,1999,193.2916550925926,196.70832175925926,6.999722222222222,16.999722222222225,1,"['Fe', 'C', 'Si', 'O', 'N']"
88,1999,1999,197.66666666666666,200.49998842592595,16.0,11.999722222222221,1,"['Fe', 'C', 'Si', 'O', 'N']"
93,1999,1999,215.0,217.7916550925926,0.0,18.999722222222225,1,"['Fe', 'C', 'Si', 'O', 'N']"
96,1999,1999,220.74998842592595,224.66666666666666,17.999722222222225,16.0,1,"['Fe', 'C', 'Si', 'O', 'N']"
98,1999,1999,231.5416550925926,235.375,12.999722222222221,9.0,1,"['Fe', 'C', 'Si', 'O', 'N']"
103,1999,1999,256.3749884259259,261.0416550925926,8.999722222222221,0.9997222222222222,1,"['Fe', 'C', 'Si', 'O', 'N']"
104,1999,1999,262.6249884259259,265.4583333333333,14.999722222222221,11.0,1,"['Fe', 'C', 'Si', 'O', 'N']"
106,1999,1999,287.95832175925926,295.5416550925926,22.999722222222225,12.999722222222221,1,"['Fe', 'C', 'Si', 'O', 'N']"
114,1999,1999,321.4583333333333,329.1249884259259,11.0,2.999722222222222,3,"['Si', 'Fe', 'N']"
115,1999,1999,329.6666550925926,332.70832175925926,15.999722222222221,16.999722222222225,1,"['Fe', 'C', 'Si', 'O', 'N']"
116,1999,1999,332.45832175925926,338.08332175925926,10.999722222222221,1.9997222222222222,1,"['Fe', 'C', 'Si', 'O', 'N']"
117,1999,1999,337.6249884259259,343.2916666666667,14.999722222222221,7.0,1,"['Fe', 'C', 'Si', 'O', 'N']"
118,1999,1999,343.7916550925926,347.83332175925926,18.999722222222225,19.999722222222225,1,"['Fe', 'C', 'Si', 'O', 'N']"
120,1999,1999,358.08332175925926,360.8333333333333,1.9997222222222222,20.0,1,"['Fe', 'C', 'Si', 'O', 'N']"
121,1999,1999,362.0,364.625,0.0,15.0,3,"['Si', 'C', 'N']"
122,1999,2000,364.20832175925926,6.443414351851851,4.999722222222222,10.641944444444444,1,"['Fe', 'C', 'Si', 'O', 'N']"
124,2000,2000,9.185902777777779,15.211064814814815,4.461666666666667,5.065555555555555,3,"['Si', 'Fe', 'N']"
125,2000,2000,18.07820601851852,25.059074074074076,1.8769444444444445,1.4177777777777778,1,"['Fe', 'C', 'Si', 'O', 'N']"
126,2000,2000,26.388773148148147,36.77697916666666,9.330555555555556,18.6475,3,"['Si', 'Fe', 'N']"
127,2000,2000,41.30622685185185,47.33138888888889,7.349444444444444,7.953333333333333,1,"['Fe', 'C', 'Si', 'O', 'N']"
128,2000,2000,48.53642361111111,54.35381944444445,12.874166666666667,8.491666666666665,1,"['Fe', 'C', 'Si', 'O', 'N']"
129,2000,2000,54.104502314814816,61.833333333333336,2.5080555555555555,20.0,1,"['Fe', 'C', 'Si', 'O', 'N']"
130,2000,2000,62.207303240740735,67.15209490740742,4.9752777777777775,3.6502777777777777,1,"['Fe', 'C', 'Si', 'O', 'N']"
132,2000,2000,76.5014699074074,81.44626157407409,12.035277777777777,10.710277777777778,1,"['Fe', 'C', 'Si', 'O', 'N']"
133,2000,2000,82.11109953703703,90.54633101851852,2.6663888888888887,13.111944444444443,3,"['Si', 'Fe', 'N']"
134,2000,2000,95.32490740740741,103.1783912037037,7.797777777777777,4.2813888888888885,6,[]
136,2000,2000,107.04280092592593,113.23416666666665,1.0272222222222223,5.62,1,"['Fe', 'C', 'Si', 'O', 'N']"
137,2000,2000,113.77436342592593,117.38945601851852,18.584722222222222,9.346944444444444,1,"['Fe', 'C', 'Si', 'O', 'N']"
139,2000,2000,122.1264699074074,124.8274074074074,3.0352777777777775,19.85777777777778,1,"['Fe', 'C', 'Si', 'O', 'N']"
141,2000,2000,126.48952546296296,134.88319444444446,11.74861111111111,21.196666666666665,1,"['Fe', 'C', 'Si', 'O', 'N']"
143,2000,2000,136.46219907407408,140.8667939814815,11.092777777777778,20.803055555555556,3,"['Si', 'Fe', 'N']"
145,2000,2000,143.23531250000002,148.88649305555558,5.6475,21.27583333333333,1,"['Fe', 'C', 'Si', 'O', 'N']"
147,2000,2000,156.28289351851853,158.5267476851852,6.789444444444444,12.641944444444444,1,"['Fe', 'C', 'Si', 'O', 'N']"
148,2000,2000,157.94501157407404,167.33594907407408,22.68027777777778,8.062777777777779,4,"['Si', 'Fe']"
149,2000,2000,166.5879976851852,173.27799768518517,14.111944444444443,6.671944444444445,3,"['Si', 'Fe', 'N']"
150,2000,2000,174.85700231481482,177.01775462962962,20.568055555555556,0.4261111111111111,1,"['Fe', 'C', 'Si', 'O', 'N']"
151,2000,2000,176.80998842592592,182.58583333333334,19.439722222222223,14.06,3,"['Si', 'Fe', 'N']"
154,2000,2000,195.7165277777778,202.6142939814815,17.196666666666665,14.743055555555555,6,[]
155,2000,2000,204.02709490740742,207.51752314814814,0.6502777777777778,12.420555555555556,4,"['Si', 'Fe']"
156,2000,2000,207.39287037037036,209.47050925925927,9.428888888888888,11.292222222222222,1,"['Fe', 'C', 'Si', 'O', 'N']"
157,2000,2000,209.01342592592593,214.24908564814817,0.3222222222222222,5.978055555555556,3,"['Si', 'Fe', 'N']"
158,2000,2000,216.90846064814815,222.51810185185184,21.803055555555556,12.434444444444445,1,"['Fe', 'C', 'Si', 'O', 'N']"
161,2000,2000,225.71766203703706,233.1971759259259,17.223888888888887,4.732222222222222,2,"['Si', 'Fe', 'O', 'N']"
163,2000,2000,235.0254976851852,239.72096064814815,0.6119444444444444,17.303055555555556,1,"['Fe', 'C', 'Si', 'O', 'N']"
164,2000,2000,242.67121527777778,246.16165509259258,16.109166666666667,3.879722222222222,1,"['Fe', 'C', 'Si', 'O', 'N']"
165,2000,2000,247.6159953703704,254.596875,14.783888888888889,14.325,1,"['Fe', 'C', 'Si', 'O', 'N']"
166,2000,2000,255.38637731481484,270.4284953703704,9.273055555555556,10.283888888888889,6,[]
167,2000,2000,270.3453935185185,272.63079861111106,8.289444444444444,15.139166666666666,1,"['Fe', 'C', 'Si', 'O', 'N']"
170,2000,2000,285.76149305555555,289.5428009259259,18.27583333333333,13.027222222222223,1,"['Fe', 'C', 'Si', 'O', 'N']"
171,2000,2000,289.459699074074,296.52368055555553,11.03277777777778,12.568333333333333,6,[]
172,2000,2000,298.76752314814814,303.0059143518518,18.420555555555556,0.14194444444444443,6,[]
173,2000,2000,302.75659722222224,311.77356481481485,18.15833333333333,18.565555555555555,4,"['Si', 'Fe']"
174,2000,2000,312.97858796296293,321.16449074074075,23.48611111111111,3.947777777777778,6,[]
175,2000,2000,321.4969212962963,323.5745601851852,11.92611111111111,13.789444444444444,3,"['Si', 'Fe', 'N']"
178,2000,2000,329.43350694444445,334.17053240740745,10.404166666666667,4.092777777777777,6,[]
179,2000,2000,333.79655092592594,342.35643518518515,19.11722222222222,8.554444444444446,4,"['Si', 'Fe']"
180,2000,2000,341.81625,349.5450694444445,19.59,13.081666666666667,1,"['Fe', 'C', 'Si', 'O', 'N']"
181,2000,2000,351.99668981481483,354.4483101851852,23.920555555555556,10.759444444444444,1,"['Fe', 'C', 'Si', 'O', 'N']"
182,2000,2000,360.34880787037036,363.17439814814816,8.37138888888889,4.185555555555556,1,"['Fe', 'C', 'Si', 'O', 'N']"
183,2000,2001,362.80042824074076,3.0416666666666665,19.210277777777776,1.0,1,"['Fe', 'C', 'Si', 'O', 'N']"
184,2001,2001,3.249988425925926,5.791655092592593,5.999722222222222,18.999722222222225,1,"['Fe', 'C', 'Si', 'O', 'N']"
187,2001,2001,13.45832175925926,20.374988425925924,10.999722222222221,8.999722222222221,1,"['Fe', 'C', 'Si', 'O', 'N']"
188,2001,2001,22.124988425925924,25.75,2.999722222222222,18.0,4,"['Si', 'N']"
189,2001,2001,26.708333333333332,28.916666666666668,17.0,22.0,1,"['Fe', 'C', 'Si', 'O', 'N']"
190,2001,2001,28.70832175925926,36.041666666666664,16.999722222222225,1.0,6,[]
192,2001,2001,41.87498842592593,46.375,20.999722222222225,9.0,1,"['Fe', 'C', 'Si', 'O', 'N']"
195,2001,2001,69.24998842592592,76.24998842592592,5.999722222222222,5.999722222222222,3,"['Si', 'Fe', 'N']"
200,2001,2001,85.33333333333333,87.91665509259259,8.0,21.999722222222225,2,"['Si', 'Fe', 'O', 'N']"
201,2001,2001,88.37498842592592,92.20832175925926,8.999722222222221,4.999722222222222,6,[]
202,2001,2001,92.70833333333333,97.49998842592592,17.0,11.999722222222221,6,[]
203,2001,2001,97.20832175925926,100.33333333333333,4.999722222222222,8.0,5,['Fe']
204,2001,2001,101.45832175925926,105.625,10.999722222222221,15.0,6,[]
205,2001,2001,105.625,108.37498842592592,15.0,8.999722222222221,6,[]
206,2001,2001,107.91665509259259,116.62498842592592,21.999722222222225,14.999722222222221,6,[]
207,2001,2001,116.5,119.87498842592592,12.0,20.999722222222225,3,"['Si', 'Fe', 'N']"
208,2001,2001,119.625,125.04165509259259,15.0,0.9997222222222222,1,"['Fe', 'C', 'Si', 'O', 'N']"
210,2001,2001,127.49998842592592,133.5416550925926,11.999722222222221,12.999722222222221,6,[]
211,2001,2001,133.41666666666666,137.875,10.0,21.0,1,"['Fe', 'C', 'Si', 'O', 'N']"
212,2001,2001,140.95833333333334,145.58332175925926,23.0,13.999722222222221,1,"['Fe', 'C', 'Si', 'O', 'N']"
214,2001,2001,152.83333333333334,155.33332175925926,20.0,7.999722222222222,3,"['Si', 'Fe', 'N']"
215,2001,2001,154.7916550925926,162.6666550925926,18.999722222222225,15.999722222222221,2,"['Si', 'Fe', 'C', 'N']"
217,2001,2001,167.29166666666666,173.08333333333334,7.0,2.0,5,['Fe']
219,2001,2001,176.2916550925926,181.0416550925926,6.999722222222222,0.9997222222222222,1,"['Fe', 'C', 'Si', 'O', 'N']"
224,2001,2001,193.20832175925926,196.41666666666666,4.999722222222222,10.0,1,"['Fe', 'C', 'Si', 'O', 'N']"
225,2001,2001,200.33332175925926,207.24998842592595,7.999722222222222,5.999722222222222,1,"['Fe', 'C', 'Si', 'O', 'N']"
226,2001,2001,209.66666666666666,212.83333333333334,16.0,20.0,1,"['Fe', 'C', 'Si', 'O', 'N']"
229,2001,2001,221.62498842592595,226.74998842592595,14.999722222222221,17.999722222222225,5,['Fe']
230,2001,2001,228.12498842592595,232.5,2.999722222222222,12.0,6,[]
231,2001,2001,232.7916550925926,239.62498842592595,18.999722222222225,14.999722222222221,5,['Fe']
232,2001,2001,239.2916550925926,247.58333333333334,6.999722222222222,14.0,2,"['Si', 'Fe', 'C', 'N']"
233,2001,2001,248.16666666666666,253.20833333333334,4.0,5.0,1,"['Fe', 'C', 'Si', 'O', 'N']"
234,2001,2001,253.58332175925926,256.1249884259259,13.999722222222221,2.999722222222222,1,"['Fe', 'C', 'Si', 'O', 'N']"
235,2001,2001,255.7916550925926,261.0416550925926,18.999722222222225,0.9997222222222222,2,"['Si', 'Fe', 'C', 'N']"
236,2001,2001,261.7083333333333,267.3333333333333,17.0,8.0,1,"['Fe', 'C', 'Si', 'O', 'N']"
237,2001,2001,268.4999884259259,274.1249884259259,11.999722222222221,2.999722222222222,6,[]
238,2001,2001,273.9166550925926,280.2916666666667,21.999722222222225,7.0,6,[]
240,2001,2001,282.70832175925926,288.4166550925926,16.999722222222225,9.999722222222221,4,"['Si', 'Fe']"
242,2001,2001,292.95832175925926,298.4583333333333,22.999722222222225,11.0,5,['N']
244,2001,2001,300.6249884259259,305.70832175925926,14.999722222222221,16.999722222222225,2,"['Si', 'Fe', 'C', 'N']"
245,2001,2001,306.33332175925926,308.7083333333333,7.999722222222222,17.0,1,"['Fe', 'C', 'Si', 'O', 'N']"
246,2001,2001,308.58332175925926,320.2083333333333,13.999722222222221,5.0,6,[]
247,2001,2001,322.0416550925926,326.9999884259259,0.9997222222222222,23.999722222222225,4,"['Si', 'Fe']"
248,2001,2001,326.0416550925926,343.2916666666667,0.9997222222222222,7.0,6,[]
249,2001,2001,346.2499884259259,350.08332175925926,5.999722222222222,1.9997222222222222,1,"['Fe', 'C', 'Si', 'O', 'N']"
250,2001,2001,349.7916666666667,352.83332175925926,19.0,19.999722222222225,1,"['Fe', 'C', 'Si', 'O', 'N']"
251,2001,2001,352.5416550925926,358.6666666666667,12.999722222222221,16.0,1,"['Fe', 'C', 'Si', 'O', 'N']"
252,2001,2001,360.1666550925926,364.4166550925926,3.999722222222222,9.999722222222221,6,[]
253,2001,2002,365.3333333333333,3.5416550925925927,8.0,12.999722222222221,6,[]
254,2002,2002,3.75,9.291655092592594,18.0,6.999722222222222,5,['Fe']
255,2002,2002,10.624988425925928,15.416666666666666,14.999722222222221,10.0,5,['Fe']
256,2002,2002,15.124988425925928,21.166655092592592,2.999722222222222,3.999722222222222,4,"['Si', 'Fe']"
259,2002,2002,27.374988425925924,31.125,8.999722222222221,3.0,1,"['Fe', 'C', 'Si', 'O', 'N']"
260,2002,2002,31.249988425925924,34.99998842592593,5.999722222222222,23.999722222222225,1,"['Fe', 'C', 'Si', 'O', 'N']"
263,2002,2002,45.875,48.041666666666664,21.0,1.0,1,"['Fe', 'C', 'Si', 'O', 'N']"
264,2002,2002,50.083333333333336,60.208321759259256,2.0,4.999722222222222,5,['N']
265,2002,2002,60.0,64.08332175925926,0.0,1.9997222222222222,1,"['Fe', 'C', 'Si', 'O', 'N']"
266,2002,2002,66.79165509259259,71.49998842592592,18.999722222222225,11.999722222222221,1,"['Fe', 'C', 'Si', 'O', 'N']"
269,2002,2002,77.74998842592592,81.62498842592592,17.999722222222225,14.999722222222221,5,['Fe']
270,2002,2002,81.41665509259259,89.58332175925926,9.999722222222221,13.999722222222221,3,"['Si', 'Fe', 'N']"
271,2002,2002,89.58332175925926,96.91666666666667,13.999722222222221,22.0,1,"['Fe', 'C', 'Si', 'O', 'N']"
272,2002,2002,101.62498842592592,104.54166666666667,14.999722222222221,13.0,1,"['Fe', 'C', 'Si', 'O', 'N']"
274,2002,2002,107.33332175925926,111.08332175925926,7.999722222222222,1.9997222222222222,6,[]
275,2002,2002,110.66665509259259,119.91666666666667,15.999722222222221,22.0,6,[]
276,2002,2002,120.66665509259259,123.29165509259259,15.999722222222221,6.999722222222222,3,"['Si', 'Fe', 'N']"
277,2002,2002,125.66665509259259,128.25,15.999722222222221,6.0,1,"['Fe', 'C', 'Si', 'O', 'N']"
278,2002,2002,127.91665509259259,135.37498842592595,21.999722222222225,8.999722222222221,3,"['Si', 'Fe', 'N']"
280,2002,2002,138.5416550925926,142.1666550925926,12.999722222222221,3.999722222222222,1,"['Fe', 'C', 'Si', 'O', 'N']"
281,2002,2002,141.95832175925926,148.62498842592595,22.999722222222225,14.999722222222221,6,[]
282,2002,2002,150.12498842592595,153.33333333333334,2.999722222222222,8.0,1,"['Fe', 'C', 'Si', 'O', 'N']"
283,2002,2002,152.91666666666666,157.7916550925926,22.0,18.999722222222225,1,"['Fe', 'C', 'Si', 'O', 'N']"
284,2002,2002,159.33332175925926,163.875,7.999722222222222,21.0,1,"['Fe', 'C', 'Si', 'O', 'N']"
285,2002,2002,163.74998842592595,167.54166666666666,17.999722222222225,13.0,1,"['Fe', 'C', 'Si', 'O', 'N']"
286,2002,2002,184.95832175925926,188.58332175925926,22.999722222222225,13.999722222222221,1,"['Fe', 'C', 'Si', 'O', 'N']"
287,2002,2002,188.2916550925926,195.24998842592595,6.999722222222222,5.999722222222222,3,"['Si', 'Fe', 'N']"
289,2002,2002,197.33332175925926,202.75,7.999722222222222,18.0,6,[]
291,2002,2002,207.375,215.79166666666666,9.0,19.0,6,[]
292,2002,2002,215.70833333333334,220.79166666666666,17.0,19.0,6,[]
295,2002,2002,226.0416550925926,228.54166666666666,0.9997222222222222,13.0,4,"['Si', 'Fe']"
296,2002,2002,228.875,231.25,21.0,6.0,3,"['Si', 'Fe', 'N']"
297,2002,2002,230.91666666666666,234.25,22.0,6.0,6,[]
299,2002,2002,236.99998842592595,244.2916550925926,23.999722222222225,6.999722222222222,6,[]
301,2002,2002,246.2916550925926,248.83332175925926,6.999722222222222,19.999722222222225,1,"['Fe', 'C', 'Si', 'O', 'N']"
302,2002,2002,248.58332175925926,263.1249884259259,13.999722222222221,2.999722222222222,5,['Fe']
304,2002,2002,269.5416550925926,276.3333333333333,12.999722222222221,8.0,1,"['Fe', 'C', 'Si', 'O', 'N']"
308,2002,2002,290.2083333333333,295.8333333333333,5.0,20.0,1,"['Fe', 'C', 'Si', 'O', 'N']"
309,2002,2002,295.75,301.625,18.0,15.0,1,"['Fe', 'C', 'Si', 'O', 'N']"
310,2002,2002,306.58332175925926,312.45832175925926,13.999722222222221,10.999722222222221,3,"['Si', 'Fe', 'N']"
311,2002,2002,313.5416666666667,320.95832175925926,13.0,22.999722222222225,6,[]
312,2002,2002,321.0416550925926,324.1666666666667,0.9997222222222222,4.0,1,"['Fe', 'C', 'Si', 'O', 'N']"
314,2002,2002,330.5,336.1249884259259,12.0,2.999722222222222,1,"['Fe', 'C', 'Si', 'O', 'N']"
316,2002,2002,347.6249884259259,356.4583333333333,14.999722222222221,11.0,1,"['Fe', 'C', 'Si', 'O', 'N']"
317,2002,2002,356.1666550925926,360.0416666666667,3.999722222222222,1.0,1,"['Fe', 'C', 'Si', 'O', 'N']"
320,2003,2003,20.083333333333332,27.374988425925924,2.0,8.999722222222221,1,"['Fe', 'C', 'Si', 'O', 'N']"
328,2003,2003,55.791666666666664,58.833333333333336,19.0,20.0,1,"['Fe', 'C', 'Si', 'O', 'N']"
329,2003,2003,58.16665509259259,62.875,3.999722222222222,21.0,1,"['Fe', 'C', 'Si', 'O', 'N']"
333,2003,2003,77.41665509259259,80.83332175925926,9.999722222222221,19.999722222222225,3,"['Si', 'Fe', 'N']"
335,2003,2003,83.33333333333333,91.04166666666667,8.0,1.0,1,"['Fe', 'C', 'Si', 'O', 'N']"
337,2003,2003,93.58333333333333,96.91666666666667,14.0,22.0,1,"['Fe', 'C', 'Si', 'O', 'N']"
338,2003,2003,96.41666666666667,107.24998842592592,10.0,5.999722222222222,1,"['Fe', 'C', 'Si', 'O', 'N']"
339,2003,2003,111.66666666666667,116.58333333333333,16.0,14.0,1,"['Fe', 'C', 'Si', 'O', 'N']"
340,2003,2003,116.75,120.58332175925926,18.0,13.999722222222221,1,"['Fe', 'C', 'Si', 'O', 'N']"
344,2003,2003,133.62498842592595,137.95832175925926,14.999722222222221,22.999722222222225,1,"['Fe', 'C', 'Si', 'O', 'N']"
345,2003,2003,146.95832175925926,156.25,22.999722222222225,6.0,6,[]
346,2003,2003,156.45832175925926,160.0416550925926,10.999722222222221,0.9997222222222222,1,"['Fe', 'C', 'Si', 'O', 'N']"
347,2003,2003,160.6666550925926,166.37498842592595,15.999722222222221,8.999722222222221,1,"['Fe', 'C', 'Si', 'O', 'N']"
349,2003,2003,168.83332175925926,178.25,19.999722222222225,6.0,5,['Fe']
351,2003,2003,189.125,191.9166550925926,3.0,21.999722222222225,1,"['Fe', 'C', 'Si', 'O', 'N']"
356,2003,2003,208.74998842592595,215.29166666666666,17.999722222222225,7.0,1,"['Fe', 'C', 'Si', 'O', 'N']"
357,2003,2003,215.95832175925926,221.0416550925926,22.999722222222225,0.9997222222222222,1,"['Fe', 'C', 'Si', 'O', 'N']"
358,2003,2003,227.4166550925926,230.49998842592595,9.999722222222221,11.999722222222221,1,"['Fe', 'C', 'Si', 'O', 'N']"
359,2003,2003,231.33333333333334,234.20832175925926,8.0,4.999722222222222,2,"['Si', 'Fe', 'O', 'N']"
360,2003,2003,233.83332175925926,237.91666666666666,19.999722222222225,22.0,1,"['Fe', 'C', 'Si', 'O', 'N']"
364,2003,2003,259.45832175925926,267.2083333333333,10.999722222222221,5.0,1,"['Fe', 'C', 'Si', 'O', 'N']"
365,2003,2003,273.375,276.4999884259259,9.0,11.999722222222221,1,"['Fe', 'C', 'Si', 'O', 'N']"
366,2003,2003,277.5833333333333,279.9583333333333,14.0,23.0,1,"['Fe', 'C', 'Si', 'O', 'N']"
367,2003,2003,296.7916666666667,299.7499884259259,19.0,17.999722222222225,3,"['Si', 'Fe', 'N']"
369,2003,2003,303.125,306.375,3.0,9.0,6,[]
370,2003,2003,306.33332175925926,316.0833333333333,7.999722222222222,2.0,6,[]
372,2003,2003,318.5416666666667,322.1666666666667,13.0,4.0,3,"['Si', 'Fe', 'N']"
376,2003,2003,327.0416550925926,331.875,0.9997222222222222,21.0,4,"['Si', 'Fe']"
377,2003,2003,331.6666550925926,336.4583333333333,15.999722222222221,11.0,1,"['Fe', 'C', 'Si', 'O', 'N']"
378,2003,2003,336.0833333333333,344.9999884259259,2.0,23.999722222222225,5,['Fe']
379,2003,2003,346.58332175925926,350.2916550925926,13.999722222222221,6.999722222222222,1,"['Fe', 'C', 'Si', 'O', 'N']"
380,2003,2003,352.3333333333333,354.7083333333333,8.0,17.0,1,"['Fe', 'C', 'Si', 'O', 'N']"
381,2003,2004,364.4999884259259,2.6621064814814814,11.999722222222221,15.890555555555554,1,"['Fe', 'C', 'Si', 'O', 'N']"
383,2004,2004,8.479502314814816,14.006030092592594,11.508055555555556,0.14472222222222222,1,"['Fe', 'C', 'Si', 'O', 'N']"
385,2004,2004,21.443981481481483,25.100624999999997,10.655555555555557,2.415,1,"['Fe', 'C', 'Si', 'O', 'N']"
387,2004,2004,31.95685185185185,34.907094907407405,22.964444444444442,21.77027777777778,1,"['Fe', 'C', 'Si', 'O', 'N']"
391,2004,2004,58.96618055555556,64.035625,23.188333333333333,0.855,1,"['Fe', 'C', 'Si', 'O', 'N']"
392,2004,2004,64.24339120370371,70.06078703703704,5.841388888888889,1.458888888888889,1,"['Fe', 'C', 'Si', 'O', 'N']"
393,2004,2004,76.62613425925926,80.07502314814815,15.027222222222223,1.8005555555555557,1,"['Fe', 'C', 'Si', 'O', 'N']"
394,2004,2004,81.03072916666666,84.60427083333333,0.7374999999999999,14.5025,1,"['Fe', 'C', 'Si', 'O', 'N']"
396,2004,2004,89.34129629629629,94.99247685185185,8.19111111111111,23.819444444444443,1,"['Fe', 'C', 'Si', 'O', 'N']"
397,2004,2004,99.72950231481481,101.80714120370371,17.508055555555554,19.37138888888889,1,"['Fe', 'C', 'Si', 'O', 'N']"
398,2004,2004,101.35005787037036,108.70491898148148,8.401388888888889,16.918055555555558,6,[]
401,2004,2004,143.15219907407408,146.39332175925927,3.6527777777777777,9.439722222222223,1,"['Fe', 'C', 'Si', 'O', 'N']"
404,2004,2004,155.82581018518516,160.39662037037036,19.819444444444443,9.51888888888889,1,"['Fe', 'C', 'Si', 'O', 'N']"
406,2004,2004,176.26980324074074,180.2173263888889,6.4752777777777775,5.215833333333333,1,"['Fe', 'C', 'Si', 'O', 'N']"
407,2004,2004,190.854837962963,193.51422453703702,20.516111111111112,12.34138888888889,1,"['Fe', 'C', 'Si', 'O', 'N']"
408,2004,2004,194.5530439814815,198.50056712962962,13.273055555555556,12.01361111111111,1,"['Fe', 'C', 'Si', 'O', 'N']"
409,2004,2004,204.69193287037038,207.14355324074074,16.60638888888889,3.445277777777778,6,[]
410,2004,2004,207.14355324074074,212.25454861111112,3.445277777777778,6.109166666666666,6,[]
411,2004,2004,213.29336805555556,220.73131944444447,7.0408333333333335,17.551666666666666,4,"['Si', 'Fe']"
412,2004,2004,221.56238425925923,223.88934027777776,13.497222222222222,21.344166666666666,1,"['Fe', 'C', 'Si', 'O', 'N']"
413,2004,2004,227.62909722222224,230.91175925925924,15.098333333333334,21.88222222222222,1,"['Fe', 'C', 'Si', 'O', 'N']"
414,2004,2004,230.87020833333335,234.15288194444443,20.884999999999998,3.6691666666666665,1,"['Fe', 'C', 'Si', 'O', 'N']"
418,2004,2004,255.67724537037034,262.78277777777777,16.253888888888888,18.78666666666667,5,['Fe']
419,2004,2004,262.2425925925926,270.5116087962963,5.822222222222222,12.278611111111111,3,"['Si', 'Fe', 'N']"
422,2004,2004,303.04746527777775,308.947962962963,1.1391666666666667,22.75111111111111,5,['Si']
423,2004,2004,309.1972800925926,326.1092824074074,4.7347222222222225,2.622777777777778,6,[]
424,2004,2004,327.2312037037037,331.67736111111117,5.5488888888888885,16.256666666666668,1,"['Fe', 'C', 'Si', 'O', 'N']"
425,2004,2004,332.4253125,335.9573032407407,10.2075,22.975277777777777,1,"['Fe', 'C', 'Si', 'O', 'N']"
427,2004,2004,339.19842592592596,346.42861111111114,4.762222222222222,10.286666666666667,2,"['Si', 'Fe', 'O', 'N']"
428,2004,2004,349.5450694444445,354.2820949074074,13.081666666666667,6.770277777777777,1,"['Fe', 'C', 'Si', 'O', 'N']"
432,2005,2005,3.4583333333333335,7.041655092592593,11.0,0.9997222222222222,1,"['Fe', 'C', 'Si', 'O', 'N']"
435,2005,2005,16.249988425925924,20.374988425925924,5.999722222222222,8.999722222222221,6,[]
436,2005,2005,20.958333333333332,26.08332175925926,23.0,1.9997222222222222,6,[]
437,2005,2005,28.874988425925924,32.333333333333336,20.999722222222225,8.0,3,"['Si', 'Fe', 'N']"
438,2005,2005,33.416666666666664,35.91665509259259,10.0,21.999722222222225,2,"['Si', 'Fe', 'C', 'N']"
439,2005,2005,39.833321759259256,43.333333333333336,19.999722222222225,8.0,1,"['Fe', 'C', 'Si', 'O', 'N']"
440,2005,2005,44.458333333333336,48.29165509259259,11.0,6.999722222222222,1,"['Fe', 'C', 'Si', 'O', 'N']"
441,2005,2005,48.416666666666664,51.916666666666664,10.0,22.0,1,"['Fe', 'C', 'Si', 'O', 'N']"
443,2005,2005,58.16665509259259,64.70833333333333,3.999722222222222,17.0,1,"['Fe', 'C', 'Si', 'O', 'N']"
444,2005,2005,65.25,70.29165509259259,6.0,6.999722222222222,1,"['Fe', 'C', 'Si', 'O', 'N']"
445,2005,2005,71.33332175925926,77.58332175925926,7.999722222222222,13.999722222222221,1,"['Fe', 'C', 'Si', 'O', 'N']"
447,2005,2005,78.95832175925926,81.62498842592592,22.999722222222225,14.999722222222221,1,"['Fe', 'C', 'Si', 'O', 'N']"
448,2005,2005,125.29165509259259,130.9166550925926,6.999722222222222,21.999722222222225,4,"['Si', 'N']"
449,2005,2005,131.1666550925926,133.79166666666666,3.999722222222222,19.0,1,"['Fe', 'C', 'Si', 'O', 'N']"
450,2005,2005,133.2916550925926,142.74998842592595,6.999722222222222,17.999722222222225,4,"['Si', 'Fe']"
452,2005,2005,157.74998842592595,163.16666666666666,17.999722222222225,4.0,1,"['Fe', 'C', 'Si', 'O', 'N']"
453,2005,2005,163.25,165.875,6.0,21.0,1,"['Fe', 'C', 'Si', 'O', 'N']"
455,2005,2005,167.6666550925926,173.20832175925926,15.999722222222221,4.999722222222222,3,"['Si', 'C', 'N']"
456,2005,2005,188.74998842592595,191.16666666666666,17.999722222222225,4.0,1,"['Fe', 'C', 'Si', 'O', 'N']"
457,2005,2005,191.08333333333334,194.2916550925926,2.0,6.999722222222222,2,"['Si', 'Fe', 'C', 'N']"
458,2005,2005,193.49998842592595,203.74998842592595,11.999722222222221,17.999722222222225,6,[]
460,2005,2005,210.83332175925926,215.83332175925926,19.999722222222225,19.999722222222225,6,[]
461,2005,2005,216.58333333333334,221.74998842592595,14.0,17.999722222222225,2,"['Si', 'Fe', 'C', 'N']"
462,2005,2005,221.99998842592595,224.62498842592595,23.999722222222225,14.999722222222221,1,"['Fe', 'C', 'Si', 'O', 'N']"
463,2005,2005,233.74998842592595,241.9166550925926,17.999722222222225,21.999722222222225,6,[]
464,2005,2005,241.6666550925926,247.33332175925926,15.999722222222221,7.999722222222222,1,"['Fe', 'C', 'Si', 'O', 'N']"
465,2005,2005,253.49998842592595,256.9999884259259,11.999722222222221,23.999722222222225,6,[]
466,2005,2005,257.45832175925926,261.3749884259259,10.999722222222221,8.999722222222221,5,['Fe']
467,2005,2005,261.58332175925926,266.9583333333333,13.999722222222221,23.0,4,"['Si', 'Fe']"
468,2005,2005,267.70832175925926,271.0416550925926,16.999722222222225,0.9997222222222222,1,"['Fe', 'C', 'Si', 'O', 'N']"
469,2005,2005,272.9166666666667,275.95832175925926,22.0,22.999722222222225,1,"['Fe', 'C', 'Si', 'O', 'N']"
475,2005,2005,333.70832175925926,337.5416550925926,16.999722222222225,12.999722222222221,1,"['Fe', 'C', 'Si', 'O', 'N']"
481,2006,2006,187.125,192.29166666666666,3.0,7.0,2,"['Si', 'Fe', 'C', 'N']"
482,2006,2006,228.79166666666666,232.125,19.0,3.0,1,"['Fe', 'C', 'Si', 'O', 'N']"
483,2006,2006,241.79166666666666,243.99998842592595,19.0,23.999722222222225,1,"['Fe', 'C', 'Si', 'O', 'N']"
484,2006,2006,244.25,247.125,6.0,3.0,1,"['Fe', 'C', 'Si', 'O', 'N']"
486,2006,2006,316.4166550925926,319.3333333333333,9.999722222222221,8.0,1,"['Fe', 'C', 'Si', 'O', 'N']"
488,2006,2006,341.0416550925926,347.25,0.9997222222222222,6.0,6,[]
489,2006,2006,346.6666550925926,357.1666666666667,15.999722222222221,4.0,6,[]
492,2007,2007,29.375,32.208321759259256,9.0,4.999722222222222,1,"['Fe', 'C', 'Si', 'O', 'N']"
493,2007,2007,72.33333333333333,75.12498842592592,8.0,2.999722222222222,1,"['Fe', 'C', 'Si', 'O', 'N']"
498,2008,2008,5.861678240740741,9.185902777777779,20.68027777777778,4.461666666666667,1,"['Fe', 'C', 'Si', 'O', 'N']"
502,2008,2008,75.08868055555556,78.74532407407408,2.1283333333333334,17.887777777777778,1,"['Fe', 'C', 'Si', 'O', 'N']"
504,2008,2008,274.7915509259259,277.24315972222223,18.997222222222224,5.835833333333333,1,"['Fe', 'C', 'Si', 'O', 'N']"
506,2010,2010,43.583333333333336,46.625,14.0,15.0,1,"['Fe', 'C', 'Si', 'O', 'N']"
509,2010,2010,142.91666666666666,145.20832175925926,22.0,4.999722222222222,1,"['Fe', 'C', 'Si', 'O', 'N']"
510,2010,2010,163.0,167.75,0.0,18.0,2,"['Si', 'Fe', 'C', 'N']"
511,2010,2010,180.54166666666666,184.87498842592595,13.0,20.999722222222225,1,"['Fe', 'C', 'Si', 'O', 'N']"
512,2010,2010,187.95832175925926,190.875,22.999722222222225,21.0,1,"['Fe', 'C', 'Si', 'O', 'N']"
513,2010,2010,191.66666666666666,194.41666666666666,16.0,10.0,1,"['Fe', 'C', 'Si', 'O', 'N']"
515,2010,2010,206.74998842592595,213.58332175925926,17.999722222222225,13.999722222222221,1,"['Fe', 'C', 'Si', 'O', 'N']"
517,2010,2010,214.95832175925926,220.04166666666666,22.999722222222225,1.0,2,"['Si', 'Fe', 'C', 'N']"
518,2010,2010,219.7916550925926,223.49998842592595,18.999722222222225,11.999722222222221,1,"['Fe', 'C', 'Si', 'O', 'N']"
519,2010,2010,226.45832175925926,228.70833333333334,10.999722222222221,17.0,1,"['Fe', 'C', 'Si', 'O', 'N']"
520,2010,2010,230.24998842592595,233.83332175925926,5.999722222222222,19.999722222222225,1,"['Fe', 'C', 'Si', 'O', 'N']"
521,2010,2010,236.0416550925926,240.95832175925926,0.9997222222222222,22.999722222222225,1,"['Fe', 'C', 'Si', 'O', 'N']"
522,2010,2010,241.9166550925926,245.87498842592595,21.999722222222225,20.999722222222225,1,"['Fe', 'C', 'Si', 'O', 'N']"
525,2010,2010,263.6666550925926,267.75,15.999722222222221,18.0,1,"['Fe', 'C', 'Si', 'O', 'N']"
526,2010,2010,289.9166550925926,293.7083333333333,21.999722222222225,17.0,1,"['Fe', 'C', 'Si', 'O', 'N']"
528,2011,2011,28.45832175925926,32.0,10.999722222222221,0.0,1,"['Fe', 'C', 'Si', 'O', 'N']"
533,2011,2011,46.041666666666664,51.666666666666664,1.0,16.0,2,"['Si', 'Fe', 'C', 'N']"
534,2011,2011,59.208333333333336,65.875,5.0,21.0,1,"['Fe', 'C', 'Si', 'O', 'N']"
536,2011,2011,68.37498842592592,75.875,8.999722222222221,21.0,5,['Fe']
537,2011,2011,75.45832175925926,80.16666666666667,10.999722222222221,4.0,1,"['Fe', 'C', 'Si', 'O', 'N']"
538,2011,2011,79.74998842592592,87.25,17.999722222222225,6.0,6,[]
539,2011,2011,88.83333333333333,91.5,20.0,12.0,1,"['Fe', 'C', 'Si', 'O', 'N']"
540,2011,2011,91.87498842592592,94.41665509259259,20.999722222222225,9.999722222222221,1,"['Fe', 'C', 'Si', 'O', 'N']"
541,2011,2011,94.16665509259259,98.08333333333333,3.999722222222222,2.0,1,"['Fe', 'C', 'Si', 'O', 'N']"
543,2011,2011,133.62498842592595,137.33332175925926,14.999722222222221,7.999722222222222,1,"['Fe', 'C', 'Si', 'O', 'N']"
544,2011,2011,151.2916550925926,155.375,6.999722222222222,9.0,1,"['Fe', 'C', 'Si', 'O', 'N']"
546,2011,2011,158.37498842592595,162.6666550925926,8.999722222222221,15.999722222222221,5,['Si']
547,2011,2011,163.33333333333334,166.58333333333334,8.0,14.0,5,['Fe']
548,2011,2011,168.45832175925926,175.625,10.999722222222221,15.0,3,"['Si', 'Fe', 'N']"
550,2011,2011,215.87498842592595,220.79166666666666,20.999722222222225,19.0,6,[]
551,2011,2011,221.33333333333334,227.375,8.0,9.0,3,"['Si', 'Fe', 'N']"
553,2011,2011,249.70832175925926,256.20832175925926,16.999722222222225,4.999722222222222,2,"['Si', 'Fe', 'C', 'N']"
555,2011,2011,264.83332175925926,284.20832175925926,19.999722222222225,4.999722222222222,5,['Fe']
558,2011,2011,295.1666550925926,303.4999884259259,3.999722222222222,11.999722222222221,3,"['Si', 'Fe', 'N']"
559,2011,2011,308.7499884259259,311.875,17.999722222222225,21.0,2,"['Si', 'Fe', 'C', 'N']"
560,2011,2011,311.7916666666667,314.5,19.0,12.0,1,"['Fe', 'C', 'Si', 'O', 'N']"
561,2011,2011,315.125,317.6666666666667,3.0,16.0,1,"['Fe', 'C', 'Si', 'O', 'N']"
563,2011,2011,322.8333333333333,325.6666666666667,20.0,16.0,1,"['Fe', 'C', 'Si', 'O', 'N']"
564,2011,2011,325.5,329.6666550925926,12.0,15.999722222222221,1,"['Fe', 'C', 'Si', 'O', 'N']"
565,2011,2011,329.7499884259259,340.45832175925926,17.999722222222225,10.999722222222221,6,[]
566,2011,2011,348.2083333333333,350.8749884259259,5.0,20.999722222222225,1,"['Fe', 'C', 'Si', 'O', 'N']"
567,2011,2011,351.625,354.58332175925926,15.0,13.999722222222221,1,"['Fe', 'C', 'Si', 'O', 'N']"
569,2011,2011,359.625,363.9166666666667,15.0,22.0,1,"['Fe', 'C', 'Si', 'O', 'N']"
571,2011,2012,365.5833333333333,5.986331018518518,14.0,23.671944444444446,1,"['Fe', 'C', 'Si', 'O', 'N']"
574,2012,2012,24.311122685185186,27.760011574074074,7.466944444444445,18.240277777777777,6,[]
575,2012,2012,27.386041666666667,36.02902777777778,9.265,0.6966666666666667,6,[]
576,2012,2012,36.69386574074073,38.89616898148148,16.652777777777775,21.508055555555554,1,"['Fe', 'C', 'Si', 'O', 'N']"
578,2012,2012,42.719027777777775,47.913125,17.256666666666668,21.915,1,"['Fe', 'C', 'Si', 'O', 'N']"
579,2012,2012,57.01320601851852,60.50363425925926,0.3169444444444444,12.087222222222223,2,"['Si', 'Fe', 'O', 'N']"
581,2012,2012,67.23519675925925,70.97494212962962,5.644722222222222,23.398611111111112,6,[]
583,2012,2012,73.13569444444445,81.77868055555555,3.256666666666667,18.688333333333333,6,[]
584,2012,2012,82.19421296296296,85.22756944444444,4.661111111111111,5.461666666666667,1,"['Fe', 'C', 'Si', 'O', 'N']"
586,2012,2012,93.08105324074074,97.11167824074073,1.9452777777777779,2.6802777777777775,1,"['Fe', 'C', 'Si', 'O', 'N']"
587,2012,2012,96.77925925925926,99.39708333333333,18.702222222222222,9.530000000000001,1,"['Fe', 'C', 'Si', 'O', 'N']"
588,2012,2012,100.2696875,102.88752314814815,6.4725,21.300555555555555,1,"['Fe', 'C', 'Si', 'O', 'N']"
589,2012,2012,110.7825462962963,114.89628472222222,18.78111111111111,21.510833333333334,1,"['Fe', 'C', 'Si', 'O', 'N']"
592,2012,2012,121.04609953703704,124.91050925925926,1.106388888888889,21.852222222222224,1,"['Fe', 'C', 'Si', 'O', 'N']"
593,2012,2012,127.65299768518518,130.35393518518518,15.671944444444444,8.494444444444444,1,"['Fe', 'C', 'Si', 'O', 'N']"
596,2012,2012,138.33207175925926,143.56773148148147,7.969722222222222,13.625555555555556,6,[]
597,2012,2012,147.30748842592592,153.70662037037036,7.379722222222222,16.95888888888889,3,"['Si', 'Fe', 'N']"
602,2012,2012,165.34141203703706,174.56613425925923,8.193888888888889,13.587222222222223,4,"['Si', 'Fe']"
604,2012,2012,181.92098379629627,184.788125,22.103611111111114,18.915,1,"['Fe', 'C', 'Si', 'O', 'N']"
605,2012,2012,187.53062500000001,194.17907407407407,12.735,4.297777777777777,6,[]
606,2012,2012,195.7165277777778,199.08230324074074,17.196666666666665,1.975277777777778,4,"['Si', 'Fe']"
607,2012,2012,198.66677083333332,208.72255787037037,16.0025,17.341388888888886,6,[]
609,2012,2012,213.62578703703701,223.68157407407406,15.01888888888889,16.35777777777778,3,"['Si', 'Fe', 'N']"
612,2012,2012,232.9478587962963,236.0227662037037,22.748611111111114,0.5463888888888889,1,"['Fe', 'C', 'Si', 'O', 'N']"
614,2012,2012,238.01730324074074,241.46618055555558,0.4152777777777778,11.188333333333334,1,"['Fe', 'C', 'Si', 'O', 'N']"
615,2012,2012,245.24748842592595,250.4000462962963,5.939722222222223,9.601111111111111,4,"['Si', 'Fe']"
616,2012,2012,250.1922800925926,254.63842592592593,4.6147222222222215,15.322222222222223,1,"['Fe', 'C', 'Si', 'O', 'N']"
617,2012,2012,256.09277777777777,258.91836805555556,2.2266666666666666,22.040833333333335,1,"['Fe', 'C', 'Si', 'O', 'N']"
618,2012,2012,269.09880787037036,271.342662037037,2.3713888888888888,8.223888888888888,2,"['Si', 'Fe', 'C', 'N']"
619,2012,2012,271.09334490740736,278.28197916666664,2.240277777777778,6.7675,4,"['Fe', 'N']"
623,2012,2012,312.6461689814815,320.7074189814815,15.508055555555556,16.978055555555553,3,"['Si', 'Fe', 'N']"
625,2012,2012,324.69649305555555,328.8517708333333,16.715833333333332,20.4425,1,"['Fe', 'C', 'Si', 'O', 'N']"
628,2012,2012,348.25694444444446,352.66153935185184,6.166666666666667,15.876944444444446,1,"['Fe', 'C', 'Si', 'O', 'N']"
629,2013,2013,13.33332175925926,16.499988425925924,7.999722222222222,11.999722222222221,1,"['Fe', 'C', 'Si', 'O', 'N']"
630,2013,2013,16.749988425925924,21.75,17.999722222222225,18.0,3,"['Si', 'Fe', 'N']"
633,2013,2013,38.87498842592593,43.708321759259256,20.999722222222225,16.999722222222225,1,"['Fe', 'C', 'Si', 'O', 'N']"
634,2013,2013,43.916666666666664,46.208333333333336,22.0,5.0,1,"['Fe', 'C', 'Si', 'O', 'N']"
635,2013,2013,57.12498842592593,62.583321759259256,2.999722222222222,13.999722222222221,1,"['Fe', 'C', 'Si', 'O', 'N']"
637,2013,2013,70.91665509259259,74.70833333333333,21.999722222222225,17.0,1,"['Fe', 'C', 'Si', 'O', 'N']"
638,2013,2013,74.24998842592592,82.66665509259259,5.999722222222222,15.999722222222221,5,['Fe']
639,2013,2013,101.08332175925926,108.54165509259259,1.9997222222222222,12.999722222222221,6,[]
641,2013,2013,111.37498842592592,115.70833333333333,8.999722222222221,17.0,1,"['Fe', 'C', 'Si', 'O', 'N']"
642,2013,2013,115.625,118.62498842592592,15.0,14.999722222222221,1,"['Fe', 'C', 'Si', 'O', 'N']"
645,2013,2013,136.66666666666666,142.625,16.0,15.0,5,['Fe']
646,2013,2013,142.375,155.20832175925926,9.0,4.999722222222222,6,[]
649,2013,2013,174.08332175925926,179.5,1.9997222222222222,12.0,5,['Fe']
650,2013,2013,179.37498842592595,184.125,8.999722222222221,3.0,1,"['Fe', 'C', 'Si', 'O', 'N']"
652,2013,2013,200.1666550925926,205.91666666666666,3.999722222222222,22.0,1,"['Fe', 'C', 'Si', 'O', 'N']"
654,2013,2013,229.87498842592595,232.24998842592595,20.999722222222225,5.999722222222222,1,"['Fe', 'C', 'Si', 'O', 'N']"
655,2013,2013,232.45832175925926,236.6666550925926,10.999722222222221,15.999722222222221,1,"['Fe', 'C', 'Si', 'O', 'N']"
656,2013,2013,236.625,239.16666666666666,15.0,4.0,1,"['Fe', 'C', 'Si', 'O', 'N']"
657,2013,2013,239.5416550925926,242.24998842592595,12.999722222222221,5.999722222222222,1,"['Fe', 'C', 'Si', 'O', 'N']"
658,2013,2013,243.54166666666666,247.83333333333334,13.0,20.0,1,"['Fe', 'C', 'Si', 'O', 'N']"
659,2013,2013,272.6249884259259,282.7916550925926,14.999722222222221,18.999722222222225,6,[]
663,2013,2013,296.625,299.1249884259259,15.0,2.999722222222222,1,"['Fe', 'C', 'Si', 'O', 'N']"
664,2013,2013,300.33332175925926,307.7916550925926,7.999722222222222,18.999722222222225,6,[]
665,2013,2013,310.33332175925926,312.70832175925926,7.999722222222222,16.999722222222225,1,"['Fe', 'C', 'Si', 'O', 'N']"
668,2013,2013,316.0416550925926,323.4166550925926,0.9997222222222222,9.999722222222221,2,"['Si', 'Fe', 'O', 'N']"
669,2013,2013,322.9999884259259,329.58332175925926,23.999722222222225,13.999722222222221,1,"['Fe', 'C', 'Si', 'O', 'N']"
671,2013,2013,336.7083333333333,341.0833333333333,17.0,2.0,1,"['Fe', 'C', 'Si', 'O', 'N']"
672,2013,2013,341.6666550925926,344.4583333333333,15.999722222222221,11.0,1,"['Fe', 'C', 'Si', 'O', 'N']"
674,2013,2013,347.5416550925926,351.9166666666667,12.999722222222221,22.0,1,"['Fe', 'C', 'Si', 'O', 'N']"
675,2013,2013,360.45832175925926,365.5416550925926,10.999722222222221,12.999722222222221,3,"['Si', 'Fe', 'N']"
676,2013,2014,365.75,4.916655092592593,18.0,21.999722222222225,1,"['Fe', 'C', 'Si', 'O', 'N']"
678,2014,2014,4.916655092592593,20.70832175925926,21.999722222222225,16.999722222222225,6,[]
679,2014,2014,20.541655092592592,25.041666666666668,12.999722222222221,1.0,1,"['Fe', 'C', 'Si', 'O', 'N']"
683,2014,2014,35.708321759259256,39.49998842592593,16.999722222222225,11.999722222222221,1,"['Fe', 'C', 'Si', 'O', 'N']"
685,2014,2014,46.291666666666664,49.375,7.0,9.0,1,"['Fe', 'C', 'Si', 'O', 'N']"
686,2014,2014,50.29165509259259,53.125,6.999722222222222,3.0,2,"['Si', 'Fe', 'C', 'N']"
687,2014,2014,52.958333333333336,55.833321759259256,23.0,19.999722222222225,1,"['Fe', 'C', 'Si', 'O', 'N']"
688,2014,2014,55.37498842592593,74.79166666666667,8.999722222222221,19.0,6,[]
691,2014,2014,82.74998842592592,92.91665509259259,17.999722222222225,21.999722222222225,2,"['Si', 'Fe', 'C', 'N']"
693,2014,2014,96.95832175925926,105.25,22.999722222222225,6.0,3,"['Si', 'Fe', 'N']"
694,2014,2014,107.49998842592592,117.875,11.999722222222221,21.0,6,[]
696,2014,2014,127.95832175925926,132.29166666666666,22.999722222222225,7.0,1,"['Fe', 'C', 'Si', 'O', 'N']"
697,2014,2014,156.41666666666666,161.83333333333334,10.0,20.0,1,"['Fe', 'C', 'Si', 'O', 'N']"
699,2014,2014,163.95833333333334,166.99998842592595,23.0,23.999722222222225,1,"['Fe', 'C', 'Si', 'O', 'N']"
700,2014,2014,167.54166666666666,170.375,13.0,9.0,1,"['Fe', 'C', 'Si', 'O', 'N']"
701,2014,2014,192.87498842592595,195.58332175925926,20.999722222222225,13.999722222222221,1,"['Fe', 'C', 'Si', 'O', 'N']"
702,2014,2014,234.33333333333334,237.5416550925926,8.0,12.999722222222221,1,"['Fe', 'C', 'Si', 'O', 'N']"
703,2014,2014,237.70832175925926,241.74998842592595,16.999722222222225,17.999722222222225,1,"['Fe', 'C', 'Si', 'O', 'N']"
705,2014,2014,250.75,254.0416550925926,18.0,0.9997222222222222,4,"['Si', 'Fe']"
706,2014,2014,254.0416550925926,263.4166550925926,0.9997222222222222,9.999722222222221,4,"['Si', 'N']"
707,2014,2014,265.4166550925926,268.95832175925926,9.999722222222221,22.999722222222225,1,"['Fe', 'C', 'Si', 'O', 'N']"
709,2014,2014,273.2916666666667,277.2916550925926,7.0,6.999722222222222,1,"['Fe', 'C', 'Si', 'O', 'N']"
712,2014,2014,283.7499884259259,285.8749884259259,17.999722222222225,20.999722222222225,1,"['Fe', 'C', 'Si', 'O', 'N']"
713,2014,2014,286.0416550925926,289.6666666666667,0.9997222222222222,16.0,1,"['Fe', 'C', 'Si', 'O', 'N']"
714,2014,2014,292.1666550925926,294.7916666666667,3.999722222222222,19.0,2,"['Si', 'Fe', 'C', 'N']"
715,2014,2014,294.3333333333333,304.4166666666667,8.0,10.0,1,"['Fe', 'C', 'Si', 'O', 'N']"
716,2014,2014,305.5416550925926,312.75,12.999722222222221,18.0,5,['Fe']
717,2014,2014,314.1666666666667,318.58332175925926,4.0,13.999722222222221,1,"['Fe', 'C', 'Si', 'O', 'N']"
719,2014,2014,334.83332175925926,337.5,19.999722222222225,12.0,1,"['Fe', 'C', 'Si', 'O', 'N']"
720,2014,2014,337.0833333333333,343.2083333333333,2.0,5.0,1,"['Fe', 'C', 'Si', 'O', 'N']"
725,2014,2014,356.8749884259259,359.9166550925926,20.999722222222225,21.999722222222225,2,"['Si', 'Fe', 'C', 'N']"
727,2014,2015,364.875,10.791655092592594,21.0,18.999722222222225,1,"['Fe', 'C', 'Si', 'O', 'N']"
728,2015,2015,19.791666666666668,22.416666666666668,19.0,10.0,1,"['Fe', 'C', 'Si', 'O', 'N']"
729,2015,2015,29.916655092592592,34.0,21.999722222222225,0.0,3,"['Si', 'Fe', 'N']"
730,2015,2015,35.79165509259259,38.37498842592593,18.999722222222225,8.999722222222221,1,"['Fe', 'C', 'Si', 'O', 'N']"
731,2015,2015,37.91665509259259,44.0,21.999722222222225,0.0,1,"['Fe', 'C', 'Si', 'O', 'N']"
732,2015,2015,46.666666666666664,49.49998842592593,16.0,11.999722222222221,1,"['Fe', 'C', 'Si', 'O', 'N']"
735,2015,2015,57.833321759259256,61.708321759259256,19.999722222222225,16.999722222222225,1,"['Fe', 'C', 'Si', 'O', 'N']"
738,2015,2015,70.62498842592592,74.24998842592592,14.999722222222221,5.999722222222222,1,"['Fe', 'C', 'Si', 'O', 'N']"
739,2015,2015,74.16665509259259,79.95832175925926,3.999722222222222,22.999722222222225,1,"['Fe', 'C', 'Si', 'O', 'N']"
740,2015,2015,84.04166666666667,88.95833333333333,1.0,23.0,1,"['Fe', 'C', 'Si', 'O', 'N']"
743,2015,2015,92.91665509259259,96.29166666666667,21.999722222222225,7.0,1,"['Fe', 'C', 'Si', 'O', 'N']"
744,2015,2015,96.87498842592592,99.49998842592592,20.999722222222225,11.999722222222221,1,"['Fe', 'C', 'Si', 'O', 'N']"
745,2015,2015,103.12498842592592,106.83333333333333,2.999722222222222,20.0,1,"['Fe', 'C', 'Si', 'O', 'N']"
746,2015,2015,109.33332175925926,111.79165509259259,7.999722222222222,18.999722222222225,1,"['Fe', 'C', 'Si', 'O', 'N']"
748,2015,2015,115.20832175925926,126.87498842592592,4.999722222222222,20.999722222222225,1,"['Fe', 'C', 'Si', 'O', 'N']"
754,2015,2015,162.54166666666666,166.5416550925926,13.0,12.999722222222221,1,"['Fe', 'C', 'Si', 'O', 'N']"
755,2015,2015,169.1666550925926,172.29166666666666,3.999722222222222,7.0,4,"['Si', 'Fe']"
756,2015,2015,172.6666550925926,176.95833333333334,15.999722222222221,23.0,5,['Fe']
758,2015,2015,179.20833333333334,182.7916550925926,5.0,18.999722222222225,4,"['Si', 'Fe']"
759,2015,2015,182.625,187.91666666666666,15.0,22.0,2,"['Si', 'Fe', 'C', 'N']"
763,2015,2015,225.04166666666666,228.33332175925926,1.0,7.999722222222222,1,"['Fe', 'C', 'Si', 'O', 'N']"
764,2015,2015,237.4166550925926,240.04166666666666,9.999722222222221,1.0,1,"['Fe', 'C', 'Si', 'O', 'N']"
766,2015,2015,263.58332175925926,267.75,13.999722222222221,18.0,1,"['Fe', 'C', 'Si', 'O', 'N']"
767,2015,2015,273.7083333333333,278.4999884259259,17.0,11.999722222222221,1,"['Fe', 'C', 'Si', 'O', 'N']"
769,2015,2015,295.33332175925926,299.25,7.999722222222222,6.0,1,"['Fe', 'C', 'Si', 'O', 'N']"
771,2015,2015,302.08332175925926,305.2083333333333,1.9997222222222222,5.0,1,"['Fe', 'C', 'Si', 'O', 'N']"
772,2015,2015,306.5416666666667,312.6249884259259,13.0,14.999722222222221,1,"['Fe', 'C', 'Si', 'O', 'N']"
773,2015,2015,313.75,316.83332175925926,18.0,19.999722222222225,1,"['Fe', 'C', 'Si', 'O', 'N']"
774,2015,2015,320.125,322.5416550925926,3.0,12.999722222222221,1,"['Fe', 'C', 'Si', 'O', 'N']"
778,2015,2016,362.45832175925926,1.540185185185185,10.999722222222221,12.964444444444444,1,"['Fe', 'C', 'Si', 'O', 'N']"
779,2016,2016,1.6232870370370371,5.861678240740741,14.958888888888888,20.68027777777778,2,"['Si', 'Fe', 'C', 'N']"
780,2016,2016,23.68783564814815,26.721192129629628,16.508055555555554,17.308611111111112,1,"['Fe', 'C', 'Si', 'O', 'N']"
781,2016,2016,27.926226851851855,31.873738425925925,22.229444444444443,20.96972222222222,1,"['Fe', 'C', 'Si', 'O', 'N']"
783,2016,2016,50.03232638888888,52.442384259259256,0.7758333333333334,10.617222222222223,1,"['Fe', 'C', 'Si', 'O', 'N']"
784,2016,2016,56.0159375,58.509097222222216,0.38249999999999995,12.218333333333334,1,"['Fe', 'C', 'Si', 'O', 'N']"
786,2016,2016,75.9197337962963,78.86998842592592,22.07361111111111,20.879722222222224,1,"['Fe', 'C', 'Si', 'O', 'N']"
792,2016,2016,108.12317129629629,113.94056712962963,2.9561111111111114,22.57361111111111,1,"['Fe', 'C', 'Si', 'O', 'N']"
793,2016,2016,136.25443287037038,139.95263888888888,6.106388888888889,22.863333333333333,1,"['Fe', 'C', 'Si', 'O', 'N']"
794,2016,2016,168.12545138888888,170.7848263888889,3.0108333333333333,18.835833333333333,1,"['Fe', 'C', 'Si', 'O', 'N']"
797,2016,2016,193.2649074074074,196.0904976851852,6.357777777777778,2.1719444444444442,1,"['Fe', 'C', 'Si', 'O', 'N']"
798,2016,2016,202.28186342592593,204.60883101851854,6.764722222222222,14.611944444444443,1,"['Fe', 'C', 'Si', 'O', 'N']"
799,2016,2016,204.31796296296295,209.84447916666667,7.631111111111111,20.2675,1,"['Fe', 'C', 'Si', 'O', 'N']"
800,2016,2016,221.14685185185186,224.80349537037037,3.5244444444444443,19.28388888888889,1,"['Fe', 'C', 'Si', 'O', 'N']"
803,2016,2016,248.6132638888889,255.88501157407407,14.718333333333334,21.240277777777777,1,"['Fe', 'C', 'Si', 'O', 'N']"
806,2016,2016,275.20707175925924,279.57012731481484,4.969722222222222,13.683055555555555,1,"['Fe', 'C', 'Si', 'O', 'N']"
809,2016,2016,302.3410648148148,306.91187499999995,8.185555555555556,21.884999999999998,1,"['Fe', 'C', 'Si', 'O', 'N']"
811,2016,2016,327.8545023148148,331.13717592592593,20.508055555555554,3.292222222222222,1,"['Fe', 'C', 'Si', 'O', 'N']"
812,2016,2016,343.3537037037037,345.84687499999995,8.488888888888889,20.325,1,"['Fe', 'C', 'Si', 'O', 'N']"
813,2016,2016,348.5478125,351.74737268518516,13.147499999999999,17.936944444444446,1,"['Fe', 'C', 'Si', 'O', 'N']"
814,2017,2017,5.20832175925926,10.20832175925926,4.999722222222222,4.999722222222222,1,"['Fe', 'C', 'Si', 'O', 'N']"
815,2017,2017,12.666655092592594,17.666655092592592,15.999722222222221,15.999722222222221,1,"['Fe', 'C', 'Si', 'O', 'N']"
816,2017,2017,31.874988425925924,34.04165509259259,20.999722222222225,0.9997222222222222,1,"['Fe', 'C', 'Si', 'O', 'N']"
819,2017,2017,39.04165509259259,43.87498842592593,0.9997222222222222,20.999722222222225,1,"['Fe', 'C', 'Si', 'O', 'N']"
820,2017,2017,91.33332175925926,97.16666666666667,7.999722222222222,4.0,1,"['Fe', 'C', 'Si', 'O', 'N']"
821,2017,2017,111.45832175925926,116.24998842592592,10.999722222222221,5.999722222222222,1,"['Fe', 'C', 'Si', 'O', 'N']"
823,2017,2017,182.375,184.75,9.0,18.0,1,"['Fe', 'C', 'Si', 'O', 'N']"
824,2017,2017,194.7916550925926,202.20833333333334,18.999722222222225,5.0,5,['Fe']
825,2017,2017,207.4166550925926,218.625,9.999722222222221,15.0,2,"['Si', 'Fe', 'C', 'N']"
827,2017,2017,231.12498842592595,235.33332175925926,2.999722222222222,7.999722222222222,1,"['Fe', 'C', 'Si', 'O', 'N']"
828,2017,2017,238.4166550925926,243.33332175925926,9.999722222222221,7.999722222222222,1,"['Fe', 'C', 'Si', 'O', 'N']"
830,2017,2017,250.54166666666666,253.6666550925926,13.0,15.999722222222221,6,[]
831,2017,2017,253.45833333333334,261.1249884259259,11.0,2.999722222222222,6,[]
833,2017,2017,264.875,273.0,21.0,0.0,1,"['Fe', 'C', 'Si', 'O', 'N']"
836,2017,2017,286.0833333333333,289.0,2.0,0.0,1,"['Fe', 'C', 'Si', 'O', 'N']"
838,2017,2017,315.95832175925926,318.4999884259259,22.999722222222225,11.999722222222221,1,"['Fe', 'C', 'Si', 'O', 'N']"
839,2018,2018,43.16665509259259,45.99998842592593,3.999722222222222,23.999722222222225,1,"['Fe', 'C', 'Si', 'O', 'N']"
842,2018,2018,240.6666550925926,243.16666666666666,15.999722222222221,4.0,1,"['Fe', 'C', 'Si', 'O', 'N']"
843,2018,2018,242.7916550925926,245.49998842592595,18.999722222222225,11.999722222222221,1,"['Fe', 'C', 'Si', 'O', 'N']"
847,2019,2019,126.04166666666667,128.45832175925926,1.0,10.999722222222221,1,"['Fe', 'C', 'Si', 'O', 'N']"
848,2020,2020,334.58606481481485,342.0240162037037,14.065555555555557,0.5763888888888888,3,"['Si', 'Fe', 'N']"
849,2020,2020,341.81625,347.01035879629626,19.59,0.24861111111111112,2,"['Si', 'Fe', 'O', 'N']"
852,2021,2021,148.74998842592595,153.45832175925926,17.999722222222225,10.999722222222221,1,"['Fe', 'C', 'Si', 'O', 'N']"
854,2021,2021,184.1666550925926,186.83332175925926,3.999722222222222,19.999722222222225,1,"['Fe', 'C', 'Si', 'O', 'N']"
856,2021,2021,190.0416550925926,194.66666666666666,0.9997222222222222,16.0,1,"['Fe', 'C', 'Si', 'O', 'N']"
860,2021,2021,204.2916550925926,207.95832175925926,6.999722222222222,22.999722222222225,1,"['Fe', 'C', 'Si', 'O', 'N']"
865,2021,2021,302.5416550925926,305.5416550925926,12.999722222222221,12.999722222222221,3,"['Si', 'Fe', 'N']"
866,2021,2021,306.1249884259259,311.4583333333333,2.999722222222222,11.0,1,"['Fe', 'C', 'Si', 'O', 'N']"
867,2021,2021,313.6666550925926,316.9583333333333,15.999722222222221,23.0,1,"['Fe', 'C', 'Si', 'O', 'N']"
870,2022,2022,14.58332175925926,17.45832175925926,13.999722222222221,10.999722222222221,1,"['Fe', 'C', 'Si', 'O', 'N']"
871,2022,2022,18.541655092592592,24.83332175925926,12.999722222222221,19.999722222222225,1,"['Fe', 'C', 'Si', 'O', 'N']"
872,2022,2022,30.916655092592592,34.375,21.999722222222225,9.0,1,"['Fe', 'C', 'Si', 'O', 'N']"
874,2022,2022,50.12498842592593,57.958333333333336,2.999722222222222,23.0,1,"['Fe', 'C', 'Si', 'O', 'N']"
876,2022,2022,70.54165509259259,73.70832175925926,12.999722222222221,16.999722222222225,1,"['Fe', 'C', 'Si', 'O', 'N']"
877,2022,2022,73.45832175925926,76.75,10.999722222222221,18.0,1,"['Fe', 'C', 'Si', 'O', 'N']"
878,2022,2022,80.29165509259259,83.41666666666667,6.999722222222222,10.0,1,"['Fe', 'C', 'Si', 'O', 'N']"
879,2022,2022,87.70833333333333,90.08333333333333,17.0,2.0,1,"['Fe', 'C', 'Si', 'O', 'N']"
880,2022,2022,89.95832175925926,92.58332175925926,22.999722222222225,13.999722222222221,1,"['Fe', 'C', 'Si', 'O', 'N']"
881,2022,2022,92.20832175925926,97.54166666666667,4.999722222222222,13.0,2,"['Si', 'Fe', 'C', 'N']"
882,2022,2022,109.29166666666667,114.58332175925926,7.0,13.999722222222221,1,"['Fe', 'C', 'Si', 'O', 'N']"
884,2022,2022,119.33332175925926,123.99998842592592,7.999722222222222,23.999722222222225,2,"['Si', 'Fe', 'C', 'N']"
885,2022,2022,131.7916550925926,134.66666666666666,18.999722222222225,16.0,1,"['Fe', 'C', 'Si', 'O', 'N']"
886,2022,2022,140.875,143.41666666666666,21.0,10.0,1,"['Fe', 'C', 'Si', 'O', 'N']"
888,2022,2022,165.74998842592595,169.41666666666666,17.999722222222225,10.0,1,"['Fe', 'C', 'Si', 'O', 'N']"
889,2022,2022,171.75,174.41666666666666,18.0,10.0,1,"['Fe', 'C', 'Si', 'O', 'N']"
891,2022,2022,189.87498842592595,197.125,20.999722222222225,3.0,1,"['Fe', 'C', 'Si', 'O', 'N']"
893,2022,2022,212.4166550925926,215.79166666666666,9.999722222222221,19.0,1,"['Fe', 'C', 'Si', 'O', 'N']"
895,2022,2022,226.45832175925926,229.2916550925926,10.999722222222221,6.999722222222222,1,"['Fe', 'C', 'Si', 'O', 'N']"
896,2022,2022,230.49998842592595,234.70832175925926,11.999722222222221,16.999722222222225,1,"['Fe', 'C', 'Si', 'O', 'N']"
898,2022,2022,238.6666550925926,245.6666550925926,15.999722222222221,15.999722222222221,3,"['Si', 'Fe', 'N']"
899,2022,2022,255.20833333333334,258.2083333333333,5.0,5.0,3,"['Si', 'Fe', 'N']"
900,2022,2022,258.0416550925926,266.7499884259259,0.9997222222222222,17.999722222222225,3,"['Si', 'Fe', 'N']"
901,2022,2022,269.70832175925926,274.1249884259259,16.999722222222225,2.999722222222222,3,"['Si', 'Fe', 'N']"
902,2022,2022,274.2916550925926,279.45832175925926,6.999722222222222,10.999722222222221,2,"['Si', 'Fe', 'C', 'N']"
903,2022,2022,283.875,288.4166550925926,21.0,9.999722222222221,1,"['Fe', 'C', 'Si', 'O', 'N']"
904,2022,2022,296.7916666666667,301.2916550925926,19.0,6.999722222222222,1,"['Fe', 'C', 'Si', 'O', 'N']"
905,2022,2022,316.2499884259259,321.0416550925926,5.999722222222222,0.9997222222222222,1,"['Fe', 'C', 'Si', 'O', 'N']"
907,2022,2022,325.9166666666667,329.3749884259259,22.0,8.999722222222221,1,"['Fe', 'C', 'Si', 'O', 'N']"
911,2022,2022,353.7916550925926,356.4583333333333,18.999722222222225,11.0,1,"['Fe', 'C', 'Si', 'O', 'N']"
912,2022,2022,357.5,362.25,12.0,6.0,1,"['Fe', 'C', 'Si', 'O', 'N']"
914,2023,2023,9.541666666666666,12.83332175925926,13.0,19.999722222222225,1,"['Fe', 'C', 'Si', 'O', 'N']"
915,2023,2023,12.374988425925928,17.875,8.999722222222221,21.0,1,"['Fe', 'C', 'Si', 'O', 'N']"
917,2023,2023,32.66665509259259,35.25,15.999722222222221,6.0,1,"['Fe', 'C', 'Si', 'O', 'N']"
918,2023,2023,39.208333333333336,41.958321759259256,5.0,22.999722222222225,1,"['Fe', 'C', 'Si', 'O', 'N']"
919,2023,2023,42.458321759259256,50.708321759259256,10.999722222222221,16.999722222222225,1,"['Fe', 'C', 'Si', 'O', 'N']"
920,2023,2023,50.12498842592593,55.458321759259256,2.999722222222222,10.999722222222221,1,"['Fe', 'C', 'Si', 'O', 'N']"
921,2023,2023,55.208321759259256,62.833321759259256,4.999722222222222,19.999722222222225,4,"['Si', 'Fe']"
922,2023,2023,62.41665509259259,65.0,9.999722222222221,0.0,1,"['Fe', 'C', 'Si', 'O', 'N']"
924,2023,2023,73.29165509259259,76.66666666666667,6.999722222222222,16.0,3,"['Si', 'Fe', 'N']"
925,2023,2023,79.16665509259259,85.04165509259259,3.999722222222222,0.9997222222222222,3,"['Si', 'Fe', 'N']"
926,2023,2023,84.74998842592592,90.99998842592592,17.999722222222225,23.999722222222225,1,"['Fe', 'C', 'Si', 'O', 'N']"
928,2023,2023,113.25,116.75,6.0,18.0,1,"['Fe', 'C', 'Si', 'O', 'N']"
929,2023,2023,120.04165509259259,123.04165509259259,0.9997222222222222,0.9997222222222222,1,"['Fe', 'C', 'Si', 'O', 'N']"
932,2023,2023,127.125,136.83333333333334,3.0,20.0,6,[]
934,2023,2023,151.87498842592595,155.83332175925926,20.999722222222225,19.999722222222225,1,"['Fe', 'C', 'Si', 'O', 'N']"
937,2023,2023,191.58333333333334,194.62498842592595,14.0,14.999722222222221,1,"['Fe', 'C', 'Si', 'O', 'N']"
940,2023,2023,198.83332175925926,205.0,19.999722222222225,0.0,5,['Fe']
943,2023,2023,209.5,215.74998842592595,12.0,17.999722222222225,6,[]
946,2023,2023,219.5416550925926,229.2916550925926,12.999722222222221,6.999722222222222,5,['Fe']
947,2023,2023,229.125,234.2916550925926,3.0,6.999722222222222,1,"['Fe', 'C', 'Si', 'O', 'N']"
949,2023,2023,244.20832175925926,246.5416550925926,4.999722222222222,12.999722222222221,4,"['Si', 'Fe']"
950,2023,2023,246.33333333333334,249.16666666666666,8.0,4.0,1,"['Fe', 'C', 'Si', 'O', 'N']"
951,2023,2023,249.37498842592595,252.83333333333334,8.999722222222221,20.0,1,"['Fe', 'C', 'Si', 'O', 'N']"
952,2023,2023,252.83333333333334,255.7916550925926,20.0,18.999722222222225,1,"['Fe', 'C', 'Si', 'O', 'N']"
953,2023,2023,255.75,259.1666666666667,18.0,4.0,1,"['Fe', 'C', 'Si', 'O', 'N']"
954,2023,2023,260.2083333333333,263.0833333333333,5.0,2.0,1,"['Fe', 'C', 'Si', 'O', 'N']"
956,2023,2023,265.9166666666667,272.5416550925926,22.0,12.999722222222221,1,"['Fe', 'C', 'Si', 'O', 'N']"
959,2023,2023,292.45832175925926,295.4166550925926,10.999722222222221,9.999722222222221,1,"['Fe', 'C', 'Si', 'O', 'N']"
962,2023,2023,307.3749884259259,311.0,8.999722222222221,0.0,1,"['Fe', 'C', 'Si', 'O', 'N']"
963,2023,2023,313.4999884259259,317.45832175925926,11.999722222222221,10.999722222222221,3,"['Si', 'Fe', 'N']"
966,2023,2023,331.2499884259259,334.9583333333333,5.999722222222222,23.0,1,"['Fe', 'C', 'Si', 'O', 'N']"
967,2023,2023,334.7916666666667,337.75,19.0,18.0,1,"['Fe', 'C', 'Si', 'O', 'N']"
969,2023,2023,348.6249884259259,354.4583333333333,14.999722222222221,11.0,3,"['Si', 'Fe', 'N']"
971,2023,2023,359.0416550925926,364.375,0.9997222222222222,9.0,1,"['Fe', 'C', 'Si', 'O', 'N']"
973,2024,2024,10.931122685185185,14.089131944444446,22.346944444444443,2.1391666666666667,1,"['Fe', 'C', 'Si', 'O', 'N']"
974,2024,2024,14.587766203703705,18.576840277777777,14.106388888888889,13.844166666666668,1,"['Fe', 'C', 'Si', 'O', 'N']"
976,2024,2024,21.485532407407405,27.71846064814815,11.652777777777779,17.243055555555557,3,"['Si', 'Fe', 'N']"
977,2024,2024,29.089699074074073,32.91255787037037,2.1527777777777777,21.90138888888889,4,"['Si', 'Fe']"
978,2024,2024,33.12032407407408,36.23678240740741,2.8877777777777776,5.682777777777778,1,"['Fe', 'C', 'Si', 'O', 'N']"
979,2024,2024,36.9847337962963,39.644120370370366,23.63361111111111,15.458888888888888,1,"['Fe', 'C', 'Si', 'O', 'N']"
980,2024,2024,41.14002314814815,43.425428240740736,3.3605555555555555,10.210277777777778,6,[]
981,2024,2024,43.13456018518518,52.982569444444444,3.229444444444445,23.581666666666667,6,[]
982,2024,2024,53.27344907407407,61.916435185185186,6.562777777777778,21.994444444444447,1,"['Fe', 'C', 'Si', 'O', 'N']"
984,2024,2024,74.88091435185186,81.86178240740739,21.141944444444444,20.68277777777778,4,"['Si', 'Fe']"
985,2024,2024,81.94489583333333,98.15049768518519,22.677500000000002,3.6119444444444446,6,[]
986,2024,2024,105.38068287037038,108.99578703703703,9.136388888888888,23.898888888888887,1,"['Fe', 'C', 'Si', 'O', 'N']"
988,2024,2024,114.23143518518518,117.3063425925926,5.554444444444444,7.352222222222222,1,"['Fe', 'C', 'Si', 'O', 'N']"
990,2024,2024,130.7694675925926,134.30144675925925,18.46722222222222,7.2347222222222225,6,[]
991,2024,2024,133.8859259259259,140.9499074074074,21.26222222222222,22.797777777777778,6,[]
992,2024,2024,141.6978587962963,148.9695949074074,16.748611111111114,23.27027777777778,1,"['Fe', 'C', 'Si', 'O', 'N']"
993,2024,2024,150.34084490740742,152.79245370370367,8.180277777777777,19.01888888888889,1,"['Fe', 'C', 'Si', 'O', 'N']"
994,2024,2024,155.07785879629628,158.56829861111112,1.8686111111111112,13.639166666666666,1,"['Fe', 'C', 'Si', 'O', 'N']"
995,2024,2024,159.64868055555556,163.05600694444442,15.568333333333333,1.3441666666666665,6,[]
